{
  "metrics": {
    "accuracy": 0.7879464285714286,
    "precision": 0.9049586776859504,
    "recall": 0.7525773195876289,
    "f1_score": 0.8217636022514071,
    "auc_roc": 0.8905815658721299
  },
  "confusion_matrix": [
    [
      134,
      23
    ],
    [
      72,
      219
    ]
  ],
  "classification_report": {
    "0": {
      "precision": 0.6504854368932039,
      "recall": 0.8535031847133758,
      "f1-score": 0.7382920110192838,
      "support": 157.0
    },
    "1": {
      "precision": 0.9049586776859504,
      "recall": 0.7525773195876289,
      "f1-score": 0.8217636022514071,
      "support": 291.0
    },
    "accuracy": 0.7879464285714286,
    "macro avg": {
      "precision": 0.7777220572895771,
      "recall": 0.8030402521505023,
      "f1-score": 0.7800278066353454,
      "support": 448.0
    },
    "weighted avg": {
      "precision": 0.8157794392831352,
      "recall": 0.7879464285714286,
      "f1-score": 0.7925112812169353,
      "support": 448.0
    }
  }
}