{
  "metrics": {
    "accuracy": 0.7466666666666667,
    "precision": 0.7734806629834254,
    "recall": 0.8,
    "f1_score": 0.7865168539325843,
    "auc_roc": 0.7928685714285715
  },
  "confusion_matrix": [
    [
      84,
      41
    ],
    [
      35,
      140
    ]
  ],
  "classification_report": {
    "0": {
      "precision": 0.7058823529411765,
      "recall": 0.672,
      "f1-score": 0.6885245901639344,
      "support": 125.0
    },
    "1": {
      "precision": 0.7734806629834254,
      "recall": 0.8,
      "f1-score": 0.7865168539325843,
      "support": 175.0
    },
    "accuracy": 0.7466666666666667,
    "macro avg": {
      "precision": 0.7396815079623009,
      "recall": 0.736,
      "f1-score": 0.7375207220482594,
      "support": 300.0
    },
    "weighted avg": {
      "precision": 0.7453147004658217,
      "recall": 0.7466666666666667,
      "f1-score": 0.7456867440289802,
      "support": 300.0
    }
  }
}